﻿<?xml version="1.0" encoding="utf-8"?>
<manifest identifier="_6WYctynI7ZB_course_id" version="1.0" xmlns="http://www.imsproject.org/xsd/imscp_rootv1p1p2" xmlns:adlcp="http://www.adlnet.org/xsd/adlcp_rootv1p2" xmlns:xsi="http://www.w3.org/2001/XMLSchema-instance" xsi:schemaLocation="http://www.imsproject.org/xsd/imscp_rootv1p1p2 imscp_rootv1p1p2.xsd http://www.imsglobal.org/xsd/imsmd_rootv1p2p1 imsmd_rootv1p2p1.xsd http://www.adlnet.org/xsd/adlcp_rootv1p2 adlcp_rootv1p2.xsd">
  <metadata>
    <schema>ADL SCORM</schema>
    <schemaversion>1.2</schemaversion>
    <lom xmlns="http://www.imsglobal.org/xsd/imsmd_rootv1p2p1" xmlns:xsi="http://www.w3.org/2001/XMLSchema-instance" xsi:schemaLocation="http://www.imsglobal.org/xsd/imsmd_rootv1p2p1 imsmd_rootv1p2p1.xsd">
      <general>
        <title>
          <langstring xml:lang="x-none">الصور التعليمية ومعالجتها</langstring>
        </title>
        <description>
          <langstring xml:lang="x-none">الصور التعليمية ومعالجتها</langstring>
        </description>
      </general>
      <lifecycle>
        <version>
          <langstring xml:lang="x-none">1</langstring>
        </version>
        <status>
          <source>
            <langstring xml:lang="x-none">LOMv1.0</langstring>
          </source>
          <value>
            <langstring xml:lang="x-none">Final</langstring>
          </value>
        </status>
      </lifecycle>
      <metametadata>
        <metadatascheme>ADL SCORM 1.2</metadatascheme>
      </metametadata>
      <educational>
        <typicallearningtime>
          <datetime>PT0H0M0S</datetime>
        </typicallearningtime>
      </educational>
      <rights>
        <cost>
          <source>
            <langstring xml:lang="x-none">LOMv1.0</langstring>
          </source>
          <value>
            <langstring xml:lang="x-none">yes</langstring>
          </value>
        </cost>
        <copyrightandotherrestrictions>
          <source>
            <langstring xml:lang="x-none">LOMv1.0</langstring>
          </source>
          <value>
            <langstring xml:lang="x-none">yes</langstring>
          </value>
        </copyrightandotherrestrictions>
      </rights>
    </lom>
  </metadata>
  <organizations default="الصور_التعليمية_ومعالجتها_ORG">
    <organization identifier="الصور_التعليمية_ومعالجتها_ORG">
      <title>الصور التعليمية ومعالجتها</title>
      <item identifier="أنا_مميز_SCO" isvisible="true" identifierref="__6WYctynI7ZB_course_id_RES">
        <title>الصور التعليمية ومعالجتها</title>
      </item>
    </organization>
  </organizations>
  <resources>
    <resource identifier="__6WYctynI7ZB_course_id_RES" type="webcontent" href="index_lms.html" adlcp:scormtype="sco">
      <file href="story_content/thumbnail.jpg" />
      <file href="story_content/6Vk0TIPWI41_DX252_DY252.swf" />
      <file href="mobile/6Vk0TIPWI41_DX252_DY252_CX150_CY59.png" />
      <file href="story_content/5ZIWwON34kU_DX252_DY252.swf" />
      <file href="mobile/5ZIWwON34kU_DX252_DY252_CX127_CY50.png" />
      <file href="story_content/5vt5mh7t0ZO_22050_56_0.mp3" />
      <file href="story_content/6bxn7RG71Qw_DX252_DY252.swf" />
      <file href="mobile/6bxn7RG71Qw_DX252_DY252_CX150_CY59.png" />
      <file href="story_content/6LfVhfmSvEU_DX246_DY246.swf" />
      <file href="mobile/6LfVhfmSvEU_DX246_DY246_CX150_CY59.png" />
      <file href="story_content/5ZcKUaPL6Ic_RG_DX242_DY242.swf" />
      <file href="mobile/5ZcKUaPL6Ic_RG_DX242_DY242_CX121_CY48.png" />
      <file href="story_content/6pu05VUYLrx_DX232_DY232.swf" />
      <file href="mobile/6pu05VUYLrx_DX232_DY232_CX116_CY43.png" />
      <file href="story_content/6lkkT1oGbqG_DX232_DY232.swf" />
      <file href="mobile/6lkkT1oGbqG_DX232_DY232_CX174_CY72.png" />
      <file href="story_content/6984RinXWRZ_DX194_DY194.swf" />
      <file href="mobile/6984RinXWRZ_DX194_DY194_CX145_CY145.png" />
      <file href="story_content/5znveKOXK3x_DX400_DY400.swf" />
      <file href="mobile/5znveKOXK3x_DX400_DY400_CX257_CY91.png" />
      <file href="story_content/6r885bE55Dv_DX968_DY968.jpg" />
      <file href="mobile/6r885bE55Dv_DX968_DY968_CX725_CY408.jpg" />
      <file href="story_content/6JAC8OEGw8i_DX726_DY726.jpg" />
      <file href="mobile/6JAC8OEGw8i_DX726_DY726_CX544_CY408.jpg" />
      <file href="story_content/6ObjUF34uSc_22050_56_0.mp3" />
      <file href="story_content/6adiEBI6QNd_DX2426_DY2426.swf" />
      <file href="mobile/6adiEBI6QNd_DX2426_DY2426_CX1216_CY565.png" />
      <file href="story_content/69Sfnu4nMcQ_DX228_DY228.swf" />
      <file href="mobile/69Sfnu4nMcQ_DX228_DY228_CX150_CY59.png" />
      <file href="story_content/5d3xxGJ1fgM_DX252_DY252.swf" />
      <file href="mobile/5d3xxGJ1fgM_DX252_DY252_CX150_CY59.png" />
      <file href="story_content/5ecfIFa8bZf_DX252_DY252.swf" />
      <file href="mobile/5ecfIFa8bZf_DX252_DY252_CX127_CY50.png" />
      <file href="story_content/5txNtOyufCm_22050_56_0.mp3" />
      <file href="story_content/5mGRKTUVqe8_DX252_DY252.swf" />
      <file href="mobile/5mGRKTUVqe8_DX252_DY252_CX150_CY59.png" />
      <file href="story_content/6MiOczsckZE_DX254_DY254.swf" />
      <file href="mobile/6MiOczsckZE_DX254_DY254_CX127_CY50.png" />
      <file href="story_content/5WkL0gprODY_DX638_DY638.swf" />
      <file href="mobile/5WkL0gprODY_DX638_DY638_CX471_CY108.png" />
      <file href="story_content/63gDQ8m1EXQ_22050_56_0.mp3" />
      <file href="story_content/6PZ6JVVM9bU_DX400_DY400.swf" />
      <file href="mobile/6PZ6JVVM9bU_DX400_DY400_CX257_CY91.png" />
      <file href="story_content/65Zeaq3XkNA_DX850_DY850.jpg" />
      <file href="mobile/65Zeaq3XkNA_DX850_DY850_CX538_CY443.jpg" />
      <file href="story_content/5pyYlw4ufGF_DX802_DY802.swf" />
      <file href="mobile/5pyYlw4ufGF_DX802_DY802_CX480_CY354.png" />
      <file href="story_content/6icceWKLJrQ_22050_56_0.mp3" />
      <file href="story_content/5yu8xVuiT1Y_22050_56_0.mp3" />
      <file href="story_content/64mJiU5G3Il_DX400_DY400.swf" />
      <file href="mobile/64mJiU5G3Il_DX400_DY400_CX257_CY91.png" />
      <file href="story_content/5tSQVktdN6y_DX972_DY972.jpg" />
      <file href="mobile/5tSQVktdN6y_DX972_DY972_CX630_CY351.jpg" />
      <file href="story_content/5ehVQVUIdli_22050_56_0.mp3" />
      <file href="story_content/6bqST3FKuuc_22050_56_0.mp3" />
      <file href="story_content/6D8f0TNvS9r_DX400_DY400.swf" />
      <file href="mobile/6D8f0TNvS9r_DX400_DY400_CX257_CY91.png" />
      <file href="story_content/6SXcoLRfIaQ_FFFFFF_DX754_DY754.swf" />
      <file href="mobile/6SXcoLRfIaQ_FFFFFF_DX754_DY754_CX377_CY219.png" />
      <file href="story_content/5qAyKmoszLo_22050_56_0.mp3" />
      <file href="story_content/6NrGn7rF5Dj_22050_56_0.mp3" />
      <file href="story_content/5d24eKMjY4w_DX400_DY400.swf" />
      <file href="mobile/5d24eKMjY4w_DX400_DY400_CX257_CY91.png" />
      <file href="story_content/6aAkoMhAxyf_DX912_DY912.jpg" />
      <file href="mobile/6aAkoMhAxyf_DX912_DY912_CX684_CY456.jpg" />
      <file href="story_content/68EcqcTx75O_22050_56_0.mp3" />
      <file href="story_content/6WfPxSZJBOq_22050_56_0.mp3" />
      <file href="story_content/6b9fTFWBaFI_DX400_DY400.swf" />
      <file href="mobile/6b9fTFWBaFI_DX400_DY400_CX257_CY91.png" />
      <file href="story_content/6dimSQT6VTA_DX990_DY990.jpg" />
      <file href="mobile/6dimSQT6VTA_DX990_DY990_CX742_CY459.jpg" />
      <file href="story_content/6n7eHJFbiil_22050_56_0.mp3" />
      <file href="story_content/5VWEyBqWOAv_22050_56_0.mp3" />
      <file href="story_content/63UZqO4GtwY_DX400_DY400.swf" />
      <file href="mobile/63UZqO4GtwY_DX400_DY400_CX257_CY91.png" />
      <file href="story_content/6l9jMWkbVn7_DX1024_DY1024.jpg" />
      <file href="mobile/6l9jMWkbVn7_DX1024_DY1024_CX512_CY320.jpg" />
      <file href="story_content/6Odq6tEzFpw_22050_56_0.mp3" />
      <file href="story_content/5jXeZjWhb67_22050_56_0.mp3" />
      <file href="story_content/6IIGglUsVPg_DX400_DY400.swf" />
      <file href="mobile/6IIGglUsVPg_DX400_DY400_CX257_CY91.png" />
      <file href="story_content/6rk7iCHdGWi_DX626_DY626.jpg" />
      <file href="mobile/6rk7iCHdGWi_DX626_DY626_CX313_CY200.jpg" />
      <file href="story_content/5fWoW95YYag_22050_56_0.mp3" />
      <file href="story_content/6XucYLdb2xb_22050_56_0.mp3" />
      <file href="story_content/6cIWXp9v8LN_DX400_DY400.swf" />
      <file href="mobile/6cIWXp9v8LN_DX400_DY400_CX257_CY91.png" />
      <file href="story_content/6d6iytPFOiX_F3EEEA_DX1282_DY1282.swf" />
      <file href="mobile/6d6iytPFOiX_F3EEEA_DX1282_DY1282_CX723_CY388.png" />
      <file href="story_content/5VXvq1OEcYq_22050_56_0.mp3" />
      <file href="story_content/5lbqEmW7n5o_22050_56_0.mp3" />
      <file href="story_content/6MLppyQA1I2_DX400_DY400.swf" />
      <file href="mobile/6MLppyQA1I2_DX400_DY400_CX257_CY91.png" />
      <file href="story_content/6TfnOftiYXv_FFFFFF_DX738_DY738.swf" />
      <file href="mobile/6TfnOftiYXv_FFFFFF_DX738_DY738_CX410_CY329.png" />
      <file href="story_content/6jTgXRuBjQZ_FFFFFF_DX592_DY592.swf" />
      <file href="mobile/6jTgXRuBjQZ_FFFFFF_DX592_DY592_CX286_CY300.png" />
      <file href="story_content/6mxSyfh9wKu_22050_56_0.mp3" />
      <file href="story_content/6aLWbLnsH5G_DX176_DY176.swf" />
      <file href="mobile/6aLWbLnsH5G_DX176_DY176_CX128_CY128.png" />
      <file href="story_content/Slide66XFz8MHdAE.swf" />
      <file href="story_content/6XqVBYVdC4h_RS_DX2562_DY2562.swf" />
      <file href="mobile/6XqVBYVdC4h_RS_DX2562_DY2562_CX1281_CY724.png" />
      <file href="story_content/6fLF2BFQPB3_22050_56_0.mp3" />
      <file href="story_content/6jugVhnpGpV_DX1228_DY1228.swf" />
      <file href="mobile/6jugVhnpGpV_DX1228_DY1228_CX614_CY576.png" />
      <file href="story_content/5jOTeeCXLV0_DX1182_DY1182.swf" />
      <file href="mobile/5jOTeeCXLV0_DX1182_DY1182_CX591_CY551.png" />
      <file href="story_content/68ZYrDkqo9l_DX1184_DY1184.swf" />
      <file href="mobile/68ZYrDkqo9l_DX1184_DY1184_CX592_CY552.png" />
      <file href="story_content/5W94jeEhBQX_DX400_DY400.swf" />
      <file href="mobile/5W94jeEhBQX_DX400_DY400_CX300_CY300.png" />
      <file href="story_content/6EWBFhdbiWM_DX256_DY256.swf" />
      <file href="mobile/6EWBFhdbiWM_DX256_DY256_CX184_CY192.png" />
      <file href="story_content/5ZFCGQPZ5PS_FFFFFF_DX288_DY288.swf" />
      <file href="mobile/5ZFCGQPZ5PS_FFFFFF_DX288_DY288_CX216_CY216.png" />
      <file href="story_content/5xBWf917l6p_DX2560_DY2560.swf" />
      <file href="mobile/5xBWf917l6p_DX2560_DY2560_CX1285_CY720.png" />
      <file href="story_content/6ZorGKfhlbl_DX2482_DY2482.swf" />
      <file href="mobile/6ZorGKfhlbl_DX2482_DY2482_CX1247_CY581.png" />
      <file href="story_content/5ZpI63Kk8fg_DX138_DY138.swf" />
      <file href="mobile/5ZpI63Kk8fg_DX138_DY138_CX69_CY67.png" />
      <file href="story_content/6lQBG76q9PX_DX138_DY138.swf" />
      <file href="mobile/6lQBG76q9PX_DX138_DY138_CX69_CY67.png" />
      <file href="story_content/6SnxWWWErTb_22050_56_0.mp3" />
      <file href="story_content/5lbEa5cdlQL_DX242_DY242.swf" />
      <file href="mobile/5lbEa5cdlQL_DX242_DY242_CX121_CY63.png" />
      <file href="story_content/5gX9iPFTjQy_22050_56_0.mp3" />
      <file href="story_content/6dUJOIXJ6vo_DX144_DY144.swf" />
      <file href="mobile/6dUJOIXJ6vo_DX144_DY144_CX73_CY107.png" />
      <file href="story_content/6coliFu3Fyb_22050_56_0.mp3" />
      <file href="meta.xml" />
      <file href="story_content/FontFactory.swf" />
      <file href="story_content/fonts.swf" />
      <file href="story_content/frame.xml" />
      <file href="story_content/user.js" />
      <file href="mobile/Slide66XFz8MHdAE.jpg" />
      <file href="story.swf" />
      <file href="story_content/frame.swf" />
      <file href="story_content/TLFFactory.swf" />
      <file href="story_content/slides/6I1MK2iUaSU.swf" />
      <file href="story_content/slides/66qcgdE5OKD.swf" />
      <file href="story_content/slides/6L5lgZg6xOo.swf" />
      <file href="story_content/slides/6Bsky9WHXwa.swf" />
      <file href="story_content/slides/6iQG9rFghuZ.swf" />
      <file href="story_content/slides/6RAu9xW9voJ.swf" />
      <file href="story_content/slides/5fFymAbDGDB.swf" />
      <file href="story_content/slides/67KNxesBIEC.swf" />
      <file href="story_content/slides/5aGLayjnnro.swf" />
      <file href="story_content/slides/6ZUbuBmqg7F.swf" />
      <file href="story_content/slides/64LAFWXVuoh.swf" />
      <file href="story_content/slides/63kINBZxouh.swf" />
      <file href="story_content/slides/6eMUBmgUc35.swf" />
      <file href="story_content/data.swf" />
      <file href="html5/data/css/output.min.css" />
      <file href="html5/data/js/5aGLayjnnro.js" />
      <file href="html5/data/js/5fFymAbDGDB.js" />
      <file href="html5/data/js/63kINBZxouh.js" />
      <file href="html5/data/js/64LAFWXVuoh.js" />
      <file href="html5/data/js/66qcgdE5OKD.js" />
      <file href="html5/data/js/67KNxesBIEC.js" />
      <file href="html5/data/js/6Bsky9WHXwa.js" />
      <file href="html5/data/js/6eMUBmgUc35.js" />
      <file href="html5/data/js/6I1MK2iUaSU.js" />
      <file href="html5/data/js/6iQG9rFghuZ.js" />
      <file href="html5/data/js/6L5lgZg6xOo.js" />
      <file href="html5/data/js/6RAu9xW9voJ.js" />
      <file href="html5/data/js/6ZUbuBmqg7F.js" />
      <file href="html5/data/js/data.js" />
      <file href="html5/data/js/frame.js" />
      <file href="html5/data/js/paths.js" />
      <file href="html5/lib/scripts/app.min.js" />
      <file href="html5/lib/stylesheets/main.min.css" />
      <file href="html5/lib/stylesheets/mobile-fonts/open-sans-bold.woff" />
      <file href="html5/lib/stylesheets/mobile-fonts/open-sans-light.woff" />
      <file href="html5/lib/stylesheets/mobile-fonts/open-sans-regular.woff" />
      <file href="story.html" />
      <file href="story_flash.html" />
      <file href="story_html5.html" />
      <file href="analytics-frame.html" />
      <file href="story_content/blank.html" />
      <file href="story_content/story.js" />
      <file href="index_lms.html" />
      <file href="index_lms_html5.html" />
      <file href="index_lms_flash.html" />
      <file href="lms/AICCComm.html" />
      <file href="lms/AICCFunctions.js" />
      <file href="lms/API.js" />
      <file href="lms/APIConstants.js" />
      <file href="lms/blank.html" />
      <file href="lms/browsersniff.js" />
      <file href="lms/Configuration.js" />
      <file href="lms/goodbye.html" />
      <file href="lms/lms.js" />
      <file href="lms/LMSAPI.js" />
      <file href="lms/NONEFunctions.js" />
      <file href="lms/SCORM2004Functions.js" />
      <file href="lms/SCORMFunctions.js" />
      <file href="lms/UtilityFunctions.js" />
    </resource>
  </resources>
</manifest>