﻿<?xml version="1.0" encoding="utf-8"?><meta xmlns:xsi="http://www.w3.org/2001/XMLSchema-instance" xmlns:xsd="http://www.w3.org/2001/XMLSchema"><project id="6DV6pRHabwX" courseid="6WYctynI7ZB_course_id" thumburl="story_content/thumbnail.jpg" title="الصور التعليمية ومعالجتها" datepublished="2021-08-25T13:07:28" version="1.0.0.0" flashdata="story_content/data.swf" html5data="mobile/data.json" mobiledata="mobile/data.gz" enabledownload="false" duration="About 18 minutes" totalaudio="419583" totalvideo="0"><description>الصور التعليمية ومعالجتها</description><keywords /><slidemeta moniker="slide" monikerplural="slides" viewslides="13" slidecountdescription="13 slides" /><author name="ghada abdulsamad" email="" website="" /><application name="Articulate Storyline" version="3.6.18134.0" xmlversion="4.0" /></project></meta>